Movie,Year,Link
Romeo Juliet,2015,http://9xmusiq.com/file/songs/Tamil%20Songs/2015%20Tamil%20Mp3/Romeo%20Juliet%20(2015)/Romeo%20Juliet.zip
,2015,http://9xmusiq.com/file/file/tamil/2015/Chandi%20Veeran%20(2015).zip
,2015,http://9xmusiq.com/file/file/tamil/2015/Baahubali%20(2015).zip
,2015,http://9xmusiq.com/file/file/tamil/2015/Bruce%20Lee%202%20(2015).zip
Ok Jaanu,2015,http://9xmusiq.com/file/songs/Bollywood%20Songs/2017%20Hindi%20Mp3/ok%20jaanu/ok%20jaanu.zip
,2015,http://9xmusiq.com/file/file/tamil/2015/Irandu%20Manam%20Vendum%20(2015).zip
,2015,http://9xmusiq.com/file/file/tamil/2015/Narathan%20(2015).zip
,2015,http://9xmusiq.com/file/file/tamil/2015/Boologam%20(2015).zip
Thani Oruvan,2015,http://9xmusiq.com/file/songs/Tamil%20Songs/2015%20Tamil%20Mp3/Thani%20Oruvan%20(2015)/Thani%20Oruvan.zip
,2015,http://9xmusiq.com/file/file/tamil/2015/Kathakali%20(2015).zip
,2015,http://9xmusiq.com/file/file/tamil/2015/Rudhramadevi%20(2015).zip
O Kadhal Kanmani,2015,http://9xmusiq.com/file/songs/Tamil%20Songs/2015%20Tamil%20Mp3/O%20Kadhal%20Kanmani%20(2015)/O%20Kadhal%20Kanmani.zip
Rajini Murugan,2015,http://9xmusiq.com/file/songs/Tamil%20Songs/2015%20Tamil%20Mp3/Rajini%20Murugan%20(2015)/Rajini%20Murugan.zip
Maari,2015,http://9xmusiq.com/file/songs/Tamil%20Songs/2015%20Tamil%20Mp3/Maari%20(2015)/Maari.zip
Maan Karate,2014,http://9xmusiq.com/file/songs/Tamil%20Songs/2014%20Tamil%20Mp3/Maan%20Karate%20(2014)/Maan%20Karate.zip
I,2014,http://9xmusiq.com/file/songs/Tamil%20Songs/2014%20Tamil%20Mp3/I%20(2014)/I.zip
Anegan,2014,http://9xmusiq.com/file/songs/Tamil%20Songs/2014%20Tamil%20Mp3/Anegan%20(2014)/Anegan.zip
Anjaan,2014,http://9xmusiq.com/file/songs/Tamil%20Songs/2014%20Tamil%20Mp3/Anjaan%20(2014)/anjaan.zip
Yennamo Yedho,2014,http://9xmusiq.com/file/songs/Tamil%20Songs/2014%20Tamil%20Mp3/Yennamo%20Yedho%20(2014)/Yennamo%20Yedho.zip
Mersal,2017,http://9xmusiq.com/file/songs2/tamil/mersal/mersal.zip
Velaikaran,2017,http://9xmusiq.com/file/songs2/tamil/velaikaran-/velaikaran.zip
Mersal,2017,http://9xmusiq.com/file/songs2/tamil/mersal/mersal.zip
Kaatru Veliyidai,2017,http://9xmusiq.com/file/songs2/tamil/Kaatru%20Veliyidai/Kaatru%20Veliyidai.zip
Meesaya Murukku,2017,http://9xmusiq.com/file/songs2/tamil/Meesaya%20Murukku/Meesaya%20Murukku.zip
Saravanan Irukka Bayamaen,2017,http://9xmusiq.com/file/songs2/tamil/Saravanan%20Irukka%20Bayamaen/Saravanan%20Irukka%20Bayamaen.zip
Sakka Podu Podu Raja,2017,http://9xmusiq.com/file/songs2/tamil/Sakka%20Podu%20Podu%20Raja/Sakka%20Podu%20Podu%20Raja.zip
Bahubali 2,2017,http://9xmusiq.com/file/songs2/telugu/bahubali%202/bahubali%202.zip
Vivegam,2017,http://9xmusiq.com/file/songs2/tamil/vivegam/vivegam.zip
Balloon,2017,http://9xmusiq.com/file/songs2/tamil/balloon/balloon.zip
Kodiveeran,2017,http://9xmusiq.com/file/songs2/tamil/Kodiveeran/Kodiveeran%20128Kbps.zip
Kee,2017,http://9xmusiq.com/file/2018/tamil/kee/kee.zip
Visiri,2017,http://9xmusiq.com/file/songs2/tamil/Visiri%20128Kbps/Visiri%20128Kbps.zip
Richie,2017,http://9xmusiq.com/file/songs2/tamil/Richie%20128Kbps/Richie%20128Kbps.zip
Semma Botha Aagatha,2017,http://9xmusiq.com/file/songs2/tamil/Semma%20Botha%20Aagatha/Semma%20Botha%20Aagathey%20128Kbps.zip
Seemathurai,2017,http://9xmusiq.com/file/songs2/tamil/Seemathurai%20128Kbps/Seemathurai%20128Kbps.zip
Thittam Poattu Thirudura Kootam,2017,http://9xmusiq.com/file/songs2/tamil/Thittam%20Poattu%20Thirudura%20Kootam%20128Kbps/Thittam%20Poattu%20Thirudura%20Kootam%20128Kbps.zip
Annadurai,2017,http://9xmusiq.com/file/songs2/tamil/Annadurai%20128Kbps/Annadurai%20128Kbps.zip
Guru Uchaththula Irukkaru,2017,http://9xmusiq.com/file/songs2/tamil/Guru%20Uchaththula%20Irukkaru%20128Kbps/Guru%20Uchaththula%20Irukkaru%20128Kbps.zip
Theeran Adhigaram Ondru,2017,http://9xmusiq.com/file/songs2/tamil/Theeran%20Adhigaram%20Ondru/Theeran%20Adhigaram%20Ondru%20128Kbps.zip
Aarilirundhu Aaru Varai,2017,http://9xmusiq.com/file/songs2/tamil/Aarilirundhu%20Aaru%20Varai%20128Kbps/Aarilirundhu%20Aaru%20Varai%20128Kbps.zip
Vidhi Madhi Ultaa,2017,http://9xmusiq.com/file/songs2/tamil/Vidhi%20Madhi%20Ultaa/Vidhi%20Madhi%20Ultaa%20128Kbps.zip
Aval,2017,http://9xmusiq.com/file/songs2/tamil/Aval%20128Kbps/Aval%20128Kbps.zip
Ivan Edakudamaanavan,2017,http://9xmusiq.com/file/songs2/tamil/Ivan%20Edakudamaanavan%20128Kbps/Ivan%20Edakudamaanavan%20128Kbps.zip
Indrajith,2017,http://9xmusiq.com/file/songs2/tamil/Indrajith%20128Kbps/Indrajith%20128Kbps.zip
Ippadai Vellum,2017,http://9xmusiq.com/file/songs2/tamil/Ippadai%20Vellum%20128Kbps/Ippadai%20Vellum%20128Kbps.zip
Nenjil Thunivirunthal,2017,http://9xmusiq.com/file/songs2/tamil/Nenjil%20Thunivirunthal%20128Kbps/Nenjil%20Thunivirunthal%20128Kbps.zip
Jai Lava Kusa,2017,http://9xmusiq.com/file/songs2/telugu/jai_lava_kusa/jai_lava_kusa.zip
Server Sundaram,2017,http://9xmusiq.com/file/songs2/tamil/Server%20Sundaram/Server%20Sundaram.zip
Hara Hara Mahadevaki,2017,http://9xmusiq.com/file/songs2/tamil/Hara%20Hara%20Mahadevaki/Hara%20Hara%20Mahadevaki.zip
Karuppan,2017,http://9xmusiq.com/file/songs2/tamil/Karuppan%20128Kbps/Karuppan%20128Kbps.zip
Solo,2017,http://9xmusiq.com/file/songs2/tamil/Solo-128kbps/Solo-128kbps.zip
Solli Vidava,2017,http://9xmusiq.com/file/2018/tamil/Solli-Vidava/Solli-Vidava.zip
Sathya,2017,http://9xmusiq.com/file/songs2/tamil/Sathya/Sathya%20(2017)%20128Kbps.zip
Spyder,2017,http://9xmusiq.com/file/songs2/tamil/spyder/spyder.zip
Thiruttu Payale 2,2017,http://9xmusiq.com/file/songs2/tamil/Thiruttu%20Payale%202%20128Kbps/Thiruttu%20Payale%202%20128Kbps.zip
Kargil,2017,http://9xmusiq.com/file/songs2/tamil/Kargil-128kbps/Kargil-128kbps.zip
Panam Pathinonnum Seiyum,2017,http://9xmusiq.com/file/songs2/tamil/Panam-Pathinonnum-Seiyum-128kbps/Panam-Pathinonnum-Seiyum-128kbps.zip
Kathanayagan,2017,http://9xmusiq.com/file/songs2/tamil/Kathanayagan/Kathanayagan.zip
En Aaloda Seruppa Kaanom,2017,http://9xmusiq.com/file/songs2/tamil/En%20Aaloda%20Seruppa%20Kaanom/En%20Aaloda%20Seruppa%20Kaanom.zip
Podhuvaga En Manasu Thangam,2017,http://9xmusiq.com/file/songs2/tamil/Podhuvaga%20En%20Manasu%20Thangam/Podhuvaga%20En%20Manasu%20Thangam.zip
Aramm,2017,http://9xmusiq.com/file/songs2/tamil/Aramm/Aramm.zip
Nibunan,2017,http://9xmusiq.com/file/songs2/tamil/Nibunan%202017/Nibunan%202017.zip
Vinnai Thandi Vantha Angel,2017,http://9xmusiq.com/file/songs2/tamil/Vinnai%20Thandi%20Vantha%20Angel/Vinnai%20Thandi%20Vantha%20Angel.zip
Mom,2017,http://9xmusiq.com/file/songs2/tamil/mom/Mom%20(2017)%20128Kbps.zip
Uruthikol,2017,http://9xmusiq.com/file/songs2/tamil/Uruthikol%20128Kbps/Uruthikol%20128Kbps.zip
Aaa,2017,http://9xmusiq.com/file/songs2/tamil/AAA/AAA.zip
Puriyaatha Puthir,2017,http://9xmusiq.com/file/songs/Tamil%20Songs/2017%20Tamil%20Mp3/Puriyaatha%20Puthir%20(2017)/Puriyaatha%20Puthir%20(2017).zip
Maragadha Naanayam,2017,http://9xmusiq.com/file/songs2/tamil/Maragadha%20Naanayam%20128Kbps/Maragadha%20Naanayam%20128Kbps.zip
Sathriyan,2017,http://9xmusiq.com/file/songs2/tamil/Sathriyan/Sathriyan.zip
Valayal,2017,http://9xmusiq.com/file/songs2/tamil/Valayal_160kbps/Valayal_160kbps.zip
Pandigai,2017,http://9xmusiq.com/file/songs2/tamil/Pandigai/Pandigai%20128Kbps.zip
Neruppuda,2017,http://9xmusiq.com/file/songs2/tamil/Neruppuda%20128Kbps/Neruppuda%20128Kbps.zip
Vanamagan,2017,http://9xmusiq.com/file/songs2/tamil/Vanamagan%20128Kbps/Vanamagan%20128Kbps.zip
Motta Shiva Ketta Shiva,2017,http://9xmusiq.com/file/songs2/tamil/Motta%20Shiva%20Ketta%20Shiva/Motta%20Shiva%20Ketta%20Shiva.zip
Nenjam Marappathillai,2017,http://9xmusiq.com/file/songs/Tamil%20Songs/2016%20Tamil%20Mp3/Nenjam%20Marappathillai%20(2016)/Nenjam%20Marappathillai%20(2016).zip
Brindhaavanam,2017,http://9xmusiq.com/file/songs2/tamil/Brindhaavanam%20128Kbps/Brindhaavanam%20128Kbps.zip
Graghanam,2017,http://9xmusiq.com/file/songs2/tamil/Graghanam%20128Kbps/Graghanam%20128Kbps.zip
Thunigaram,2017,http://9xmusiq.com/file/songs2/tamil/Thunigaram%20128Kbps/Thunigaram%20128Kbps.zip
Shivalinga,2017,http://9xmusiq.com/file/songs/Tamil%20Songs/2017%20Tamil%20Mp3/Shivalinga%20(2017)/Shivalinga%20(2017).zip
Yenda Thalaiyila Yenna Vekkala,2017,http://9xmusiq.com/file/songs2/tamil/Yenda%20Thalaiyila%20Yenna%20Vekkala%20128Kbps/Yenda%20Thalaiyila%20Yenna%20Vekkala%20128Kbps.zip
Vilayattu Aarambam,2017,http://www.9xmusiq.com/songs2/tamil/Vilayattu%20Aarambam%20128Kbps/Vilayattu%20Aarambam%20128Kbps.zip
Sangili Bungili Kadhava Thorae,2017,http://9xmusiq.com/file/songs2/tamil/Sangili%20Bungili%20Kadhava%20Thorae%20128Kbps/Sangili%20Bungili%20Kadhava%20Thorae%20128Kbps.zip
Magalir Mattum,2017,http://9xmusiq.com/file/songs2/tamil/Magalir%20Mattum%20128Kbps/Magalir%20Mattum%20128Kbps.zip
Kavan,2017,http://9xmusiq.com/file/songs2/tamil/kavan/kavan.zip
Aarambame Attagasam,2017,http://9xmusiq.com/file/songs2/tamil/Aarambame%20Attagasam%20128Kbps/Aarambame%20Attagasam%20128Kbps.zip
Karimugan,2017,http://9xmusiq.com/file/songs2/tamil/Karimugan%20128Kbps/Karimugan%20128Kbps.zip
Thondan,2017,http://9xmusiq.com/file/songs2/tamil/Thondan%20128Kbps/Thondan%20128Kbps.zip
Peechaankai,2017,http://9xmusiq.com/file/songs2/tamil/Peechaankai/Peechaankai%20128Kbps.zip
Power Paandi,2017,http://9xmusiq.com/file/songs2/tamil/power%20paandi/Power%20Paandi.zip
Veruli,2017,http://9xmusiq.com/file/songs2/tamil/Veruli%20128Kbps/Veruli%20128Kbps.zip
Muthuramalingam,2017,http://9xmusiq.com/file/songs2/tamil/Muthuramalingam/Muthuramalingam%20128Kbps.zip
Enakku Vaaitha Adimaigal,2017,http://9xmusiq.com/file/songs/Tamil%20Songs/2017%20Tamil%20Mp3/Enakku%20Vaaitha%20Adimaigal%20(2017)/Enakku%20Vaaitha%20Adimaigal%20(2017).zip
Inayathalam,2017,http://9xmusiq.com/file/songs2/tamil/Inayathalam%20128Kbps/Inayathalam.zip
Jayikkira Kudhira,2017,http://9xmusiq.com/file/songs2/tamil/Jayikkira%20Kudhira%20128Kbps/Jayikkira%20Kudhira%20128Kbps.zip
Simba,2017,http://9xmusiq.com/file/songs2/tamil/Simba%20128Kbps/simba.zip
Yeman,2017,http://9xmusiq.com/file/songs/Tamil%20Songs/2016%20Tamil%20Mp3/Yeman%20(2016)/Yeman.zip
Yaadhumaagi Nindraai,2017,http://9xmusiq.com/file/songs2/tamil/Yaadhumaagi%20Nindraai/Yaadhumaagi%20Nindraai.zip
Kombay,2017,http://9xmusiq.com/file/songs2/tamil/Kombay/Kombay.zip
Bogan,2017,http://9xmusiq.com/file/songs/Tamil%20Songs/2016%20Tamil%20Mp3/Bogan%20(2016)/bogan.zip
Mupparimanam,2017,http://9xmusiq.com/file/songs2/tamil/Mupparimanam/Mupparimanam.zip
Singam 3,2017,http://9xmusiq.com/file/songs/Tamil%20Songs/2016%20Tamil%20Mp3/Singam%203%20(2016)/S3%20%5bStarmusiq.cc%5d.zip
Kolanji,2017,http://9xmusiq.com/file/songs2/tamil/Kolanji/Kolanji.zip
Bairavaa,2017,http://9xmusiq.com/file/songs/Tamil%20Songs/2017%20Tamil%20Mp3/Bairavaa/Bairavaa%20%5bStarmusiq.cc%5d.zip
Adhey Kangal,2017,http://9xmusiq.com/file/songs/Tamil%20Songs/2017%20Tamil%20Mp3/Adhey%20Kangal%20(2017)/Adhey%20Kangal%20(2017).zip
Attu,2017,http://9xmusiq.com/file/songs/Tamil%20Songs/2017%20Tamil%20Mp3/Attu%202017/Attu.zip
Veeraiyan,2017,http://9xmusiq.com/file/songs/Tamil%20Songs/2017%20Tamil%20Mp3/Veeraiyan%20(2017)/Veeraiyan%20(2017).zip
Mersal,2016,http://9xmusiq.com/file/songs2/tamil/mersal/mersal.zip
Taramani,2016,http://9xmusiq.com/file/songs/Tamil%20Songs/2017%20Tamil%20Mp3/Taramani/Taramani.zip
Remo,2016,http://9xmusiq.com/file/songs/Tamil%20Songs/2016%20Tamil%20Mp3/Remo%20(2016)/Remo.zip
Pattinapakkam,2016,http://9xmusiq.com/file/songs/Tamil%20Songs/2016%20Tamil%20Mp3/Pattinapakkam%20(2016)/Pattinapakkam%20(2016).zip
Balle Vellaiya Theva,2016,http://9xmusiq.com/file/songs/Tamil%20Songs/2016%20Tamil%20Mp3/Balle%20Vellaiya%20Theva%20(2016)/Balle%20Vellaiya%20Theva%20(2016).zip
Kavalai Vendam,2016,http://9xmusiq.com/file/songs/Tamil%20Songs/2016%20Tamil%20Mp3/Kavalai%20Vendam%20(2016)/Kavalai%20Vendam%20(2016).zip
Kootathil Oruthan,2016,http://9xmusiq.com/file/songs/Tamil%20Songs/2016%20Tamil%20Mp3/Kootathil%20Oruthan%20(2016)/Kootathil%20Oruthan%20(2016).zip
Achcham Yenbadhu Madamaiyada,2016,http://9xmusiq.com/file/songs/Tamil%20Songs/2016%20Tamil%20Mp3/Achcham%20Yenbadhu%20Madamaiyada%20(2016)/aym.zip
Nenjam Marappathillai,2016,http://9xmusiq.com/file/songs/Tamil%20Songs/2016%20Tamil%20Mp3/Nenjam%20Marappathillai%20(2016)/Nenjam%20Marappathillai%20(2016).zip
Achamindri,2016,http://9xmusiq.com/file/songs/Tamil%20Songs/2016%20Tamil%20Mp3/Achamindri%20(2016)/Achamindri%20(2016).zip
Kaala Koothu,2016,http://9xmusiq.com/file/songs2/tamil/Kaala_Koothu_160kbps/Kaala_Koothu_160kbps.zip
Enkitta Mothathe,2016,http://9xmusiq.com/file/songs/Tamil%20Songs/2016%20Tamil%20Mp3/Enkitta%20Mothathe%20(2016)/Enkitta%20Mothathe%20(2016).zip
Ilami,2016,http://9xmusiq.com/file/songs/Tamil%20Songs/2016%20Tamil%20Mp3/Ilami%20(2016)/Ilami.zip
Vallavanukkum Vallavan,2016,http://9xmusiq.com/file/songs/Tamil%20Songs/2016%20Tamil%20Mp3/Vallavanukkum%20Vallavan%20(2016)/Vallavanukkum%20Vallavan%20(2016).zip
Ennodu Vilayadu,2016,http://9xmusiq.com/file/songs/Tamil%20Songs/2016%20Tamil%20Mp3/Ennodu%20Vilayadu%20(2016)/Ennodu%20Vilayadu%20(2016).zip
Devi,2016,http://9xmusiq.com/file/songs/Tamil%20Songs/2016%20Tamil%20Mp3/Devi%20(2016)/Devi.zip
Maaveeran Kittu,2016,http://9xmusiq.com/file/songs/Tamil%20Songs/2016%20Tamil%20Mp3/Maaveeran%20Kittu%20(2016)/Maaveeran%20Kittu.zip
Saithaan,2016,http://9xmusiq.com/file/songs/Tamil%20Songs/2016%20Tamil%20Mp3/Saithaan%20(2016)/Saithaan.zip
Yeidhavan,2016,http://www.9xmusiq.com/songs2/tamil/Yeidhavan%20128Kbps/Yeidhavan%20128Kbps.zip
Kadamban,2016,http://9xmusiq.com/file/songs/Tamil%20Songs/2016%20Tamil%20Mp3/Kadamban/Kadamban.zip
Meesaya Murukku,2016,http://9xmusiq.com/file/songs2/tamil/Meesaya%20Murukku/Meesaya%20Murukku.zip
Chennai 28 2,2016,http://9xmusiq.com/file/songs/Tamil%20Songs/2016%20Tamil%20Mp3/Chennai%2028%202%20(2016)/Chennai%2028%202.zip
Kadavul Irukan Kumaru,2016,http://9xmusiq.com/file/songs/Tamil%20Songs/2016%20Tamil%20Mp3/Kadavul%20Irukan%20Kumaru%20(2016)/Kadavul%20Irukan%20Kumaru%20(2016).zip
Kaththi Sandai,2016,http://9xmusiq.com/file/songs/Tamil%20Songs/2016%20Tamil%20Mp3/Kaththi%20Sandai%20(2016)/Kaththi%20Sandai%20(2016).zip
Bruce Lee,2016,http://9xmusiq.com/file/songs/Tamil%20Songs/2016%20Tamil%20Mp3/Bruce%20Lee%20(2016)/Bruce%20Lee%20(2016).zip
Kashmora,2016,http://9xmusiq.com/file/songs/Tamil%20Songs/2016%20Tamil%20Mp3/Kashmora%20(2016)/kashmora.zip
Kodi,2016,http://9xmusiq.com/file/songs/Tamil%20Songs/2016%20Tamil%20Mp3/Kodi%20(2016)/Kodi.zip
Ms Dhoni,2016,http://9xmusiq.com/file/songs/Tamil%20Songs/2016%20Tamil%20Mp3/MS%20Dhoni%20(2016)/MS%20Dhoni.zip
Shivanagam,2016,http://9xmusiq.com/file/songs/Tamil%20Songs/2016%20Tamil%20Mp3/Shivanagam%20(2016)/Shivanagam.zip
Iru Mugan,2016,http://9xmusiq.com/file/songs/Tamil%20Songs/2016%20Tamil%20Mp3/Iru%20Mugan%20(2016)/Iru%20Mugan.zip
Rekka,2016,http://9xmusiq.com/file/songs/Tamil%20Songs/2016%20Tamil%20Mp3/Rekka%20(2016)/Rekka.zip
Thodari,2016,http://9xmusiq.com/file/songs/Tamil%20Songs/2016%20Tamil%20Mp3/Thodari%20(2016)/Thodari%20(2016).zip
Geethaiyin Raadhai,2016,http://9xmusiq.com/file/songs/Tamil%20Songs/2016%20Tamil%20Mp3/Geethaiyin%20Raadhai%20(2016)/Geethaiyin%20Raadhai%20(2016).zip
Adhagappattathu Magajanangalay,2016,http://9xmusiq.com/file/songs/Tamil%20Songs/2016%20Tamil%20Mp3/Adhagappattathu%20Magajanangalay%20(2016)/Adhagappattathu%20Magajanangalay%20(2016).zip
Aandavan Kattalai,2016,http://9xmusiq.com/file/songs/Tamil%20Songs/2016%20Tamil%20Mp3/Aandavan%20Kattalai%20(2016)/Aandavan%20Kattalai%20(2016).zip
Chennai 2 Singapore,2016,http://9xmusiq.com/file/songs/Tamil%20Songs/2016%20Tamil%20Mp3/Chennai%202%20Singapore%20(2016)/Chennai%202%20Singapore.zip
Ulkuthu,2016,http://9xmusiq.com/file/songs/Tamil%20Songs/2016%20Tamil%20Mp3/Ulkuthu%20(2016)/Ulkuthu%20(2016).zip
Veera Sivaji,2016,http://9xmusiq.com/file/songs/Tamil%20Songs/2016%20Tamil%20Mp3/Veera%20Sivaji%20(2016)/Veera%20Sivaji.zip
,2016,http://9xmusiq.com/file/file/tamil/2016/Bongu%20(2016).zip
Dharmadurai,2016,http://9xmusiq.com/file/songs/Tamil%20Songs/2016%20Tamil%20Mp3/Dharmadurai%20(2016)/Dharmadurai.zip
Savarakathi,2016,http://9xmusiq.com/file/2018/tamil/Savarakathi/Savarakathi%20(2018)%20128Kbps.zip
Simba,2016,http://9xmusiq.com/file/songs2/tamil/Simba%20128Kbps/simba.zip
Thirunaal,2016,http://9xmusiq.com/file/songs/Tamil%20Songs/2016%20Tamil%20Mp3/Thirunaal%20(2016)/Thirunaal%20(2016).zip
Mudinja Ivana Pudi,2016,http://9xmusiq.com/file/songs/Tamil%20Songs/2016%20Tamil%20Mp3/Mudinja%20Ivana%20Pudi%20(2016)/Mudinja%20Ivana%20Pudi%20(2016).zip
Eganapuram,2016,http://9xmusiq.com/file/songs/Tamil%20Songs/2016%20Tamil%20Mp3/Eganapuram%20(2016)/Eganapuram%20(2016).zip
